candidate_id,project,target_profile,contact_channel,invite_status,booked_datetime,participant_id,session_status,notes,recruitment_tier,prior_knowledge_target,screening_status,consent_status,csv_receipt_checked,next_action
A01,KIDP-004,commute,,,,,,,CORE,NO,NOT_SCREENED,NOT_ASKED,NO,ASK FOR COMMUTER AND RENTAL EXPERIENCE
A02,KIDP-004,commute,,,,,,,CORE,YES,NOT_SCREENED,NOT_ASKED,NO,FIND COMMUTER WITHOUT PROJECT BACKGROUND
A03,KIDP-004,hybrid_remote,,,,,,,CORE,NO,NOT_SCREENED,NOT_ASKED,NO,ASK HYBRID AND HOUSING SEARCH HISTORY
A04,KIDP-004,hybrid_remote,,,,,,,CORE,YES,NOT_SCREENED,NOT_ASKED,NO,FIND HYBRID WITHOUT PROJECT BACKGROUND
A05,KIDP-004,night_weekend,,,,,,,CORE,NO,NOT_SCREENED,NOT_ASKED,NO,ASK NIGHT/WEEKEND ACTIVITY
B01,KIDP-003,goal_clear,,,,,,,CORE,NO,NOT_SCREENED,NOT_ASKED,NO,GOALS CLEAR
B02,KIDP-003,goal_clear,,,,,,,CORE,YES,NOT_SCREENED,NOT_ASKED,NO,GOALS CLEAR; NO PROJECT BACKGROUND
B03,KIDP-003,goal_unclear,,,,,,,CORE,NO,NOT_SCREENED,NOT_ASKED,NO,GOALS UNCLEAR
B04,KIDP-003,goal_unclear,,,,,,,CORE,YES,NOT_SCREENED,NOT_ASKED,NO,GOALS UNCLEAR; NO PROJECT BACKGROUND
B05,KIDP-003,self_analysis_skeptic,,,,,,,CORE,NO,NOT_SCREENED,NOT_ASKED,NO,SELF ANALYSIS SKEPTIC
A06,KIDP-004,commute,,NOT_SENT,,,,,BACKUP,YES,NOT_SCREENED,NOT_ASKED,NO,BACKUP FOR COMMUTER; NO PROJECT BACKGROUND
A07,KIDP-004,hybrid_remote,,NOT_SENT,,,,,BACKUP,NO,NOT_SCREENED,NOT_ASKED,NO,BACKUP FOR HYBRID
A08,KIDP-004,night_weekend,,NOT_SENT,,,,,BACKUP,NO,NOT_SCREENED,NOT_ASKED,NO,BACKUP FOR NIGHT/WEEKEND
B06,KIDP-003,goal_clear,,NOT_SENT,,,,,BACKUP,YES,NOT_SCREENED,NOT_ASKED,NO,BACKUP FOR GOALS CLEAR; NO PROJECT BACKGROUND
B07,KIDP-003,goal_unclear,,NOT_SENT,,,,,BACKUP,NO,NOT_SCREENED,NOT_ASKED,NO,BACKUP FOR GOALS UNCLEAR
B08,KIDP-003,self_analysis_skeptic,,NOT_SENT,,,,,BACKUP,NO,NOT_SCREENED,NOT_ASKED,NO,BACKUP FOR SKEPTIC
